<?xml version='1.0' encoding='UTF-8' ?>
<!-- was: <?xml version="1.0" encoding="UTF-8"?> -->
<beans xmlns="http://www.springframework.org/schema/beans"
       xmlns:xsi="http://www.w3.org/2001/XMLSchema-instance"
       xmlns:p="http://www.springframework.org/schema/p"
       xmlns:aop="http://www.springframework.org/schema/aop"
       xmlns:tx="http://www.springframework.org/schema/tx"
       xsi:schemaLocation="http://www.springframework.org/schema/beans http://www.springframework.org/schema/beans/spring-beans-4.0.xsd
       http://www.springframework.org/schema/aop http://www.springframework.org/schema/aop/spring-aop-4.0.xsd
       http://www.springframework.org/schema/tx http://www.springframework.org/schema/tx/spring-tx-4.0.xsd">

    <bean class="org.springframework.web.servlet.mvc.support.ControllerClassNameHandlerMapping"/>

    <!--
    Most controllers will use the ControllerClassNameHandlerMapping above, but
    for the index controller we are using ParameterizableViewController, so we must
    define an explicit mapping for it.
    -->
    <bean id="urlMapping" class="org.springframework.web.servlet.handler.SimpleUrlHandlerMapping">
        <property name="mappings">
            <props><!-- Informa las funcionalidades al framework de las vistas-->
                <prop key="index.htm">indexController</prop>
                 <prop key="login.htm">CONTROLLER</prop>
                 <prop key="coordi.htm">ControllerCoordi</prop>
                 <prop key="vincFac.htm">ControllerVincFac</prop>
                 <prop key="addArticulo.htm">AddArticuloController</prop>
                 <prop key="editArticulo.htm">EditArticuloController</prop>
                 <prop key="deleteArticulo.htm">DeleteArticuloController</prop>
                 <prop key="addCapacitacion.htm">AddCapacitacionController</prop>
                 <prop key="editCapacitacion.htm">EditCapacitacionController</prop>
                 <prop key="addEstancia.htm">AddEstanciaController</prop>
                 <prop key="editEstancia.htm">EditEstanciaController</prop>
                 <prop key="addEvento.htm">AddEventoController</prop>
                 <prop key="editEvento.htm">EditEventoController</prop>
                 <prop key="addInfomes.htm">AddInformesController</prop>
                 <prop key="editInformes.htm">EditInformesController</prop>
                 <prop key="vincGral.htm">ControllerVincGral</prop>
                 <prop key="addLibro.htm">AddLibroController</prop>
                 <prop key="editLibro.htm">EditLibroController</prop>
                 <prop key="addMemorias.htm">AddMemoriasController</prop>
                 <prop key="editMemorias.htm">EditMemoriasController</prop>
                 <prop key="addMovilidad.htm">AddMovilidadController</prop>
                 <prop key="editMovilidad.htm">EditMovilidadController</prop>
                 <prop key="addObras.htm">AddObrasController</prop>
                 <prop key="editObras.htm">EditObrasController</prop>
                 <prop key="addPatente.htm">AddPatenteController</prop>
                 <prop key="editPatente.htm">EditPatenteController</prop>
                 <prop key="addPonencia.htm">AddPonenciaController</prop>
                 <prop key="editPonencia.htm">EditPonenciaController</prop>
                 <prop key="addPrototipo.htm">AddPrototipoController</prop>
                 <prop key="editPrototipo.htm">EditPrototipoController</prop>
                 <prop key="addProyectos.htm">AddProyectoController</prop>
                 <prop key="editProyectos.htm">EditProyectoController</prop>
                 <prop key="addTesis.htm">AddTesisController</prop>
                 <prop key="editTesis.htm">EditTesisController</prop>
                 <prop key="direc.htm">ControllerDirec</prop>
            </props>
        </property>
    </bean>

    <bean id="viewResolver"
          class="org.springframework.web.servlet.view.InternalResourceViewResolver"
          p:prefix="/WEB-INF/jsp/"
          p:suffix=".jsp" />

    <!--
    The index controller.CADA VES QUE SE CREE UN CONTROLADOR SE AÑADE UN NUEVO BEAN
    -->
    <bean name="CONTROLLER" class="Controller.CONTROLLER"/>
    <bean name="ControllerCoordi" class="Controller.ControllerCoordi"/>
    <bean name="ControllerVincFac" class="Controller.ControllerVincFac"/>
    <bean name="AddArticuloController" class="Controller.AddArticuloController"/>
    <bean name="EditArticuloController" class="Controller.EditArticuloController"/>
    <bean name="DeleteArticuloController" class="Controller.DeleteArticuloController"/>
    <bean name="AddCapacitacionController" class="Controller.AddCapacitacionController"/>
    <bean name="EditCapacitacionController" class="Controller.EditCapacitacionController"/>
    <bean name="AddEstanciaController" class="Controller.AddEstanciaController"/>
    <bean name="EditEstanciaController" class="Controller.EditEstanciaController"/>
    <bean name="AddEventoController" class="Controller.AddEventoController"/>
    <bean name="EditEventoController" class="Controller.EditEventoController"/>
    <bean name="AddInformesController" class="Controller.AddInformesController"/>
    <bean name="EditInformesController" class="Controller.EditInformesController"/>
    <bean name="AddLibroController" class="Controller.AddLibroController"/>
    <bean name="EditLibroController" class="Controller.EditLibroController"/>
    <bean name="AddMemoriasController" class="Controller.AddMemoriasController"/>
    <bean name="EditMemoriasController" class="Controller.EditMemoriasController"/>
    <bean name="AddMovilidadController" class="Controller.AddMovilidadController"/>
    <bean name="EditMovilidadController" class="Controller.EditMovilidadController"/>
    <bean name="AddObrasController" class="Controller.AddObrasController"/>
    <bean name="EditObrasController" class="Controller.EditObrasController"/>
    <bean name="AddPatenteController" class="Controller.AddPatenteController"/>
    <bean name="EditPatenteController" class="Controller.EditPatenteController"/>
    <bean name="AddPonenciaController" class="Controller.AddPonenciaController"/>
    <bean name="EditPonenciaController" class="Controller.EditPonenciaController"/>
    <bean name="AddPrototipoController" class="Controller.AddPrototipoController"/>
    <bean name="EditPrototipoController" class="Controller.EditPrototipoController"/>
    <bean name="AddProyectoController" class="Controller.AddProyectoController"/>
    <bean name="EditProyectoController" class="Controller.EditProyectoController"/>
    <bean name="AddTesisController" class="Controller.AddTesisController"/>
    <bean name="EditTesisController" class="Controller.EditTesisController"/>
    
    <bean name="ControllerVincGral" class="Controller.ControllerVincGral"/>
    <bean name="ControllerDirec" class="Controller.ControllerDirec"/>
    <bean name="indexController"
          class="org.springframework.web.servlet.mvc.ParameterizableViewController"
          p:viewName="index" />

</beans>
